Parameter,Value
Half-angle [rad],0.12182608102701414
Half-angle [°],6.980120277466704
Base radius [m],0.004880952380952381
Base radius [mm],4.8809523809523805
Base area [m²],7.484434879087928e-05
