Parameter,Value
Cone half-angle [rad],0.12182608102701414
Cone half-angle [°],6.980120277466704
Shock angle [rad],0.3000137983391189
Shock angle [°],17.1895244405205
